image_name,tag
zapdos03.jpg,0
zapdos17.jpg,0
zapdos16.jpg,0
zapdos02.jpg,0
zapdos14.jpg,0
zapdos28.jpg,0
zapdos29.jpg,0
zapdos01.jpg,0
zapdos15.jpg,0
zapdos11.jpg,0
zapdos05.jpg,0
zapdos04.jpg,0
zapdos10.jpg,0
zapdos06.jpg,0
zapdos12.jpg,0
zapdos13.jpg,0
zapdos07.jpg,0
zapdos22.jpg,0
zapdos23.jpg,0
zapdos21.jpg,0
zapdos09.jpg,0
zapdos08.jpg,0
zapdos20.jpg,0
zapdos18.jpg,0
zapdos30.jpg,0
zapdos24.jpg,0
zapdos25.jpg,0
zapdos19.jpg,0
zapdos27.jpg,0
zapdos26.jpg,0
abra09.jpg,1
abra21.jpg,1
abra20.jpg,1
abra08.jpg,1
abra22.jpg,1
abra23.jpg,1
abra27.jpg,1
abra26.jpg,1
abra30.jpg,1
abra24.jpg,1
abra18.jpg,1
abra19.jpg,1
abra25.jpg,1
abra28.jpg,1
abra14.jpg,1
abra01.jpg,1
abra15.jpg,1
abra29.jpg,1
abra03.jpg,1
abra17.jpg,1
abra16.jpg,1
abra02.jpg,1
abra06.jpg,1
abra12.jpg,1
abra13.jpg,1
abra07.jpg,1
abra11.jpg,1
abra05.jpg,1
abra04.jpg,1
abra10.jpg,1
alakazam27.jpg,2
alakazam26.jpg,2
alakazam18.jpg,2
alakazam24.jpg,2
alakazam30.jpg,2
alakazam25.jpg,2
alakazam19.jpg,2
alakazam21.jpg,2
alakazam09.jpg,2
alakazam08.jpg,2
alakazam20.jpg,2
alakazam22.jpg,2
alakazam23.jpg,2
alakazam12.jpg,2
alakazam06.jpg,2
alakazam07.jpg,2
alakazam13.jpg,2
alakazam05.jpg,2
alakazam11.jpg,2
alakazam10.jpg,2
alakazam04.jpg,2
alakazam14.jpg,2
alakazam28.jpg,2
alakazam29.jpg,2
alakazam15.jpg,2
alakazam01.jpg,2
alakazam17.jpg,2
alakazam03.jpg,2
alakazam02.jpg,2
alakazam16.jpg,2
magikarp29.jpg,3
magikarp01.jpg,3
magikarp15.jpg,3
magikarp14.jpg,3
magikarp28.jpg,3
magikarp16.jpg,3
magikarp02.jpg,3
magikarp03.jpg,3
magikarp17.jpg,3
magikarp13.jpg,3
magikarp07.jpg,3
magikarp06.jpg,3
magikarp12.jpg,3
magikarp04.jpg,3
magikarp10.jpg,3
magikarp11.jpg,3
magikarp05.jpg,3
magikarp08.jpg,3
magikarp20.jpg,3
magikarp21.jpg,3
magikarp09.jpg,3
magikarp23.jpg,3
magikarp22.jpg,3
magikarp26.jpg,3
magikarp27.jpg,3
magikarp25.jpg,3
magikarp19.jpg,3
magikarp18.jpg,3
magikarp30.jpg,3
magikarp24.jpg,3
venusaur27.jpg,4
venusaur26.jpg,4
venusaur18.jpg,4
venusaur24.jpg,4
venusaur30.jpg,4
venusaur25.jpg,4
venusaur19.jpg,4
venusaur21.jpg,4
venusaur09.jpg,4
venusaur08.jpg,4
venusaur20.jpg,4
venusaur22.jpg,4
venusaur23.jpg,4
venusaur12.jpg,4
venusaur06.jpg,4
venusaur07.jpg,4
venusaur13.jpg,4
venusaur05.jpg,4
venusaur11.jpg,4
venusaur10.jpg,4
venusaur04.jpg,4
venusaur14.jpg,4
venusaur28.jpg,4
venusaur29.jpg,4
venusaur15.jpg,4
venusaur01.jpg,4
venusaur17.jpg,4
venusaur03.jpg,4
venusaur02.jpg,4
venusaur16.jpg,4
charmeleon01.jpg,5
charmeleon15.jpg,5
charmeleon29.jpg,5
charmeleon28.jpg,5
charmeleon14.jpg,5
charmeleon16.jpg,5
charmeleon02.jpg,5
charmeleon03.jpg,5
charmeleon17.jpg,5
charmeleon13.jpg,5
charmeleon07.jpg,5
charmeleon06.jpg,5
charmeleon12.jpg,5
charmeleon04.jpg,5
charmeleon10.jpg,5
charmeleon11.jpg,5
charmeleon05.jpg,5
charmeleon20.jpg,5
charmeleon08.jpg,5
charmeleon09.jpg,5
charmeleon21.jpg,5
charmeleon23.jpg,5
charmeleon22.jpg,5
charmeleon26.jpg,5
charmeleon27.jpg,5
charmeleon19.jpg,5
charmeleon25.jpg,5
charmeleon30.jpg,5
charmeleon24.jpg,5
charmeleon18.jpg,5
articuno27.jpg,6
articuno26.jpg,6
articuno18.jpg,6
articuno24.jpg,6
articuno30.jpg,6
articuno25.jpg,6
articuno19.jpg,6
articuno21.jpg,6
articuno09.jpg,6
articuno08.jpg,6
articuno20.jpg,6
articuno22.jpg,6
articuno23.jpg,6
articuno12.jpg,6
articuno06.jpg,6
articuno07.jpg,6
articuno13.jpg,6
articuno05.jpg,6
articuno11.jpg,6
articuno10.jpg,6
articuno04.jpg,6
articuno14.jpg,6
articuno28.jpg,6
articuno29.jpg,6
articuno15.jpg,6
articuno01.jpg,6
articuno17.jpg,6
articuno03.jpg,6
articuno02.jpg,6
articuno16.jpg,6
gengar02.jpg,7
gengar16.jpg,7
gengar17.jpg,7
gengar03.jpg,7
gengar29.jpg,7
gengar15.jpg,7
gengar01.jpg,7
gengar14.jpg,7
gengar28.jpg,7
gengar10.jpg,7
gengar04.jpg,7
gengar05.jpg,7
gengar11.jpg,7
gengar07.jpg,7
gengar13.jpg,7
gengar12.jpg,7
gengar06.jpg,7
gengar23.jpg,7
gengar22.jpg,7
gengar08.jpg,7
gengar20.jpg,7
gengar21.jpg,7
gengar09.jpg,7
gengar25.jpg,7
gengar19.jpg,7
gengar18.jpg,7
gengar24.jpg,7
gengar30.jpg,7
gengar26.jpg,7
gengar27.jpg,7
squirtle11.jpg,8
squirtle05.jpg,8
squirtle04.jpg,8
squirtle10.jpg,8
squirtle06.jpg,8
squirtle12.jpg,8
squirtle13.jpg,8
squirtle07.jpg,8
squirtle03.jpg,8
squirtle17.jpg,8
squirtle16.jpg,8
squirtle02.jpg,8
squirtle28.jpg,8
squirtle14.jpg,8
squirtle01.jpg,8
squirtle15.jpg,8
squirtle29.jpg,8
squirtle30.jpg,8
squirtle24.jpg,8
squirtle18.jpg,8
squirtle19.jpg,8
squirtle25.jpg,8
squirtle27.jpg,8
squirtle26.jpg,8
squirtle22.jpg,8
squirtle23.jpg,8
squirtle09.jpg,8
squirtle21.jpg,8
squirtle20.jpg,8
squirtle08.jpg,8
pikachu16.jpg,9
pikachu02.jpg,9
pikachu03.jpg,9
pikachu17.jpg,9
pikachu01.jpg,9
pikachu15.jpg,9
pikachu29.jpg,9
pikachu28.jpg,9
pikachu14.jpg,9
pikachu04.jpg,9
pikachu10.jpg,9
pikachu11.jpg,9
pikachu05.jpg,9
pikachu13.jpg,9
pikachu07.jpg,9
pikachu06.jpg,9
pikachu12.jpg,9
pikachu23.jpg,9
pikachu22.jpg,9
pikachu20.jpg,9
pikachu08.jpg,9
pikachu09.jpg,9
pikachu21.jpg,9
pikachu19.jpg,9
pikachu25.jpg,9
pikachu30.jpg,9
pikachu24.jpg,9
pikachu18.jpg,9
pikachu26.jpg,9
pikachu27.jpg,9
charmander28.jpg,10
charmander14.jpg,10
charmander01.jpg,10
charmander15.jpg,10
charmander29.jpg,10
charmander03.jpg,10
charmander17.jpg,10
charmander16.jpg,10
charmander02.jpg,10
charmander06.jpg,10
charmander12.jpg,10
charmander13.jpg,10
charmander07.jpg,10
charmander11.jpg,10
charmander05.jpg,10
charmander04.jpg,10
charmander10.jpg,10
charmander09.jpg,10
charmander21.jpg,10
charmander20.jpg,10
charmander08.jpg,10
charmander22.jpg,10
charmander23.jpg,10
charmander27.jpg,10
charmander26.jpg,10
charmander30.jpg,10
charmander24.jpg,10
charmander18.jpg,10
charmander19.jpg,10
charmander25.jpg,10
ivysaur05.jpg,11
ivysaur11.jpg,11
ivysaur10.jpg,11
ivysaur04.jpg,11
ivysaur12.jpg,11
ivysaur06.jpg,11
ivysaur07.jpg,11
ivysaur13.jpg,11
ivysaur17.jpg,11
ivysaur03.jpg,11
ivysaur02.jpg,11
ivysaur16.jpg,11
ivysaur14.jpg,11
ivysaur28.jpg,11
ivysaur29.jpg,11
ivysaur15.jpg,11
ivysaur01.jpg,11
ivysaur18.jpg,11
ivysaur24.jpg,11
ivysaur30.jpg,11
ivysaur25.jpg,11
ivysaur19.jpg,11
ivysaur27.jpg,11
ivysaur26.jpg,11
ivysaur22.jpg,11
ivysaur23.jpg,11
ivysaur21.jpg,11
ivysaur09.jpg,11
ivysaur08.jpg,11
ivysaur20.jpg,11
mewtwo23.jpg,12
mewtwo22.jpg,12
mewtwo08.jpg,12
mewtwo20.jpg,12
mewtwo21.jpg,12
mewtwo09.jpg,12
mewtwo25.jpg,12
mewtwo19.jpg,12
mewtwo18.jpg,12
mewtwo30.jpg,12
mewtwo24.jpg,12
mewtwo26.jpg,12
mewtwo27.jpg,12
mewtwo16.jpg,12
mewtwo02.jpg,12
mewtwo03.jpg,12
mewtwo17.jpg,12
mewtwo29.jpg,12
mewtwo01.jpg,12
mewtwo15.jpg,12
mewtwo14.jpg,12
mewtwo28.jpg,12
mewtwo04.jpg,12
mewtwo10.jpg,12
mewtwo11.jpg,12
mewtwo05.jpg,12
mewtwo13.jpg,12
mewtwo07.jpg,12
mewtwo06.jpg,12
mewtwo12.jpg,12
blastoise12.jpg,13
blastoise06.jpg,13
blastoise07.jpg,13
blastoise13.jpg,13
blastoise05.jpg,13
blastoise11.jpg,13
blastoise10.jpg,13
blastoise04.jpg,13
blastoise28.jpg,13
blastoise14.jpg,13
blastoise15.jpg,13
blastoise01.jpg,13
blastoise29.jpg,13
blastoise17.jpg,13
blastoise03.jpg,13
blastoise02.jpg,13
blastoise16.jpg,13
blastoise27.jpg,13
blastoise26.jpg,13
blastoise24.jpg,13
blastoise30.jpg,13
blastoise18.jpg,13
blastoise19.jpg,13
blastoise25.jpg,13
blastoise09.jpg,13
blastoise21.jpg,13
blastoise20.jpg,13
blastoise08.jpg,13
blastoise22.jpg,13
blastoise23.jpg,13
moltres10.jpg,14
moltres04.jpg,14
moltres05.jpg,14
moltres11.jpg,14
moltres07.jpg,14
moltres13.jpg,14
moltres12.jpg,14
moltres06.jpg,14
moltres02.jpg,14
moltres16.jpg,14
moltres17.jpg,14
moltres03.jpg,14
moltres15.jpg,14
moltres01.jpg,14
moltres29.jpg,14
moltres28.jpg,14
moltres14.jpg,14
moltres19.jpg,14
moltres25.jpg,14
moltres24.jpg,14
moltres30.jpg,14
moltres18.jpg,14
moltres26.jpg,14
moltres27.jpg,14
moltres23.jpg,14
moltres22.jpg,14
moltres20.jpg,14
moltres08.jpg,14
moltres09.jpg,14
moltres21.jpg,14
bulbasaur22.jpg,15
bulbasaur23.jpg,15
bulbasaur21.jpg,15
bulbasaur09.jpg,15
bulbasaur08.jpg,15
bulbasaur20.jpg,15
bulbasaur18.jpg,15
bulbasaur24.jpg,15
bulbasaur30.jpg,15
bulbasaur25.jpg,15
bulbasaur19.jpg,15
bulbasaur27.jpg,15
bulbasaur26.jpg,15
bulbasaur17.jpg,15
bulbasaur03.jpg,15
bulbasaur02.jpg,15
bulbasaur16.jpg,15
bulbasaur14.jpg,15
bulbasaur28.jpg,15
bulbasaur29.jpg,15
bulbasaur15.jpg,15
bulbasaur01.jpg,15
bulbasaur05.jpg,15
bulbasaur11.jpg,15
bulbasaur10.jpg,15
bulbasaur04.jpg,15
bulbasaur12.jpg,15
bulbasaur06.jpg,15
bulbasaur07.jpg,15
bulbasaur13.jpg,15
meowth29.jpg,16
meowth01.jpg,16
meowth15.jpg,16
meowth14.jpg,16
meowth28.jpg,16
meowth16.jpg,16
meowth02.jpg,16
meowth03.jpg,16
meowth17.jpg,16
meowth13.jpg,16
meowth07.jpg,16
meowth06.jpg,16
meowth12.jpg,16
meowth04.jpg,16
meowth10.jpg,16
meowth11.jpg,16
meowth05.jpg,16
meowth08.jpg,16
meowth20.jpg,16
meowth21.jpg,16
meowth09.jpg,16
meowth23.jpg,16
meowth22.jpg,16
meowth26.jpg,16
meowth27.jpg,16
meowth25.jpg,16
meowth19.jpg,16
meowth18.jpg,16
meowth30.jpg,16
meowth24.jpg,16
wartortle27.jpg,17
wartortle26.jpg,17
wartortle30.jpg,17
wartortle24.jpg,17
wartortle25.jpg,17
wartortle19.jpg,17
wartortle21.jpg,17
wartortle09.jpg,17
wartortle08.jpg,17
wartortle20.jpg,17
wartortlae18.jpg,17
wartortle22.jpg,17
wartortle23.jpg,17
wartortle06.jpg,17
wartortle12.jpg,17
wartortle13.jpg,17
wartortle07.jpg,17
wartortle11.jpg,17
wartortle05.jpg,17
wartortle04.jpg,17
wartortle10.jpg,17
wartortle14.jpg,17
wartortle28.jpg,17
wartortle29.jpg,17
wartortle01.jpg,17
wartortle15.jpg,17
wartortle03.jpg,17
wartortle17.jpg,17
wartortle16.jpg,17
wartortle02.jpg,17
mew25.jpg,18
mew19.jpg,18
mew18.jpg,18
mew24.jpg,18
mew30.jpg,18
mew26.jpg,18
mew27.jpg,18
mew23.jpg,18
mew22.jpg,18
mew08.jpg,18
mew20.jpg,18
mew21.jpg,18
mew09.jpg,18
mew10.jpg,18
mew04.jpg,18
mew05.jpg,18
mew11.jpg,18
mew07.jpg,18
mew13.jpg,18
mew12.jpg,18
mew06.jpg,18
mew02.jpg,18
mew16.jpg,18
mew17.jpg,18
mew03.jpg,18
mew29.jpg,18
mew15.jpg,18
mew01.jpg,18
mew14.jpg,18
mew28.jpg,18
charizard23.jpg,19
charizard22.jpg,19
charizard20.jpg,19
charizard08.jpg,19
charizard09.jpg,19
charizard21.jpg,19
charizard19.jpg,19
charizard25.jpg,19
charizard24.jpg,19
charizard30.jpg,19
charizard18.jpg,19
charizard26.jpg,19
charizard27.jpg,19
charizard02.jpg,19
charizard16.jpg,19
charizard17.jpg,19
charizard03.jpg,19
charizard15.jpg,19
charizard01.jpg,19
charizard29.jpg,19
charizard28.jpg,19
charizard14.jpg,19
charizard10.jpg,19
charizard04.jpg,19
charizard05.jpg,19
charizard11.jpg,19
charizard07.jpg,19
charizard13.jpg,19
charizard12.jpg,19
charizard06.jpg,19
